d_name,pop_total,area_km2,house_amt
แขวงห้วยขวาง,25879.0,5.34,30337.0
แขวงสามเสนนอก,38204.0,4.28,23822.0
แขวงบางกะปิ,17606.0,5.41,25609.0
แขวงทุ่งสองห้อง,76457.0,16.89,39222.0
แขวงตลาดบางเขน,28120.0,5.96,16580.0
แขวงหนองจอก,21773.0,29.99,7653.0
แขวงลำผักชี,30740.0,33.36,12767.0
แขวงลำต้อยติ่ง,9554.0,24.79,2862.0
แขวงโคกแฝด,33790.0,22.52,11635.0
แขวงคู้ฝั่งเหนือ,17763.0,17.75,6056.0
แขวงคลองสิบสอง,11365.0,38.87,4158.0
แขวงคลองสิบ,9022.0,30.85,2280.0
แขวงกระทุ่มราย,38983.0,38.13,15799.0
แขวงหนองค้างพลู,76208.0,17.04,30848.0
แขวงหนองแขม,80059.0,18.79,29832.0
แขวงออเงิน,38556.0,13.52,22867.0
แขวงสายไหม,80731.0,18.66,34505.0
แขวงคลองถนน,85245.0,12.44,42824.0
แขวงยานนาวา,20463.0,2.09,10489.0
แขวงทุ่งวัดดอน,38841.0,3.2,17785.0
แขวงทุ่งมหาเมฆ,19556.0,4.04,13981.0
แขวงตลาดน้อย,7593.0,0.45,3753.0
แขวงสัมพันธวงศ์,8740.0,0.48,4415.0
แขวงจักรวรรดิ,7322.0,0.48,5038.0
แขวงพระโขนงเหนือ,22404.0,3.43,19920.0
แขวงคลองตันเหนือ,54434.0,7.03,36715.0
แขวงคลองเตยเหนือ,8804.0,2.11,16304.0
แขวงพลับพลา,44869.0,7.71,27138.0
แขวงคลองเจ้าคุณสิงห์,29493.0,4.07,13641.0
แขวงสะพานสอง,11999.0,1.93,6597.0
แขวงวังทองหลาง,24932.0,5.56,13303.0
แขวงลาดพร้าว,92244.0,15.1,44648.0
แขวงจรเข้บัว,27465.0,7.06,11822.0
แขวงขุมทอง,8143.0,21.7,2759.0
แขวงทับยาว,29791.0,25.83,16718.0
แขวงลำปลาทิว,24332.0,33.75,12642.0
แขวงคลองสามประเวศ,15785.0,17.46,11206.0
แขวงคลองสองต้นนุ่น,67655.0,14.3,32265.0
แขวงลาดกระบัง,29956.0,10.82,17999.0
แขวงราษฎร์บูรณะ,32590.0,6.72,13832.0
แขวงบางปะกอก,49216.0,9.07,23204.0
แขวงมักกะสัน,15600.0,2.28,16151.0
แขวงถนนเพชรบุรี,14551.0,1.15,11593.0
แขวงถนนพญาไท,9057.0,1.14,10874.0
แขวงทุ่งพญาไท,32744.0,2.56,10396.0
แขวงบางโพงพาง,29754.0,6.68,18981.0
แขวงช่องนนทรี,48277.0,9.98,32674.0
แขวงแสนแสบ,45097.0,35.19,13855.0
แขวงมีนบุรี,97214.0,28.46,45967.0
แขวงคูหาสวรรค์,6260.0,0.91,1909.0
แขวงปากคลองภาษีเจริญ,14778.0,1.9,9082.0
แขวงคลองขวาง,11093.0,2.99,3628.0
แขวงบางแวก,18818.0,3.02,9276.0
แขวงบางจาก,8219.0,1.39,3645.0
แขวงบางด้วน,28908.0,2.51,10597.0
แขวงบางหว้า,37905.0,5.11,20754.0
แขวงเสาชิงช้า,2243.0,0.15,703.0
แขวงสำราญราษฎร์,3221.0,0.23,1139.0
แขวงศาลเจ้าพ่อเสือ,3260.0,0.14,999.0
แขวงวัดสามพระยา,2879.0,0.52,970.0
แขวงวัดราชบพิธ,3278.0,0.22,984.0
แขวงวังบูรพาภิรมย์,11317.0,0.72,5361.0
แขวงพระบรมมหาราชวัง,3963.0,1.65,1202.0
แขวงบ้านพานถม,6687.0,0.41,2035.0
แขวงบางขุนพรหม,4520.0,0.46,2109.0
แขวงบวรนิเวศ,4699.0,0.5,1580.0
แขวงตลาดยอด,2409.0,0.19,1191.0
แขวงชนะสงคราม,1906.0,0.34,828.0
แขวงวัดโสมนัส,6927.0,0.35,2207.0
แขวงวัดเทพศิรินทร์,6909.0,0.35,2749.0
แขวงป้อมปราบ,15442.0,0.54,6443.0
แขวงบ้านบาตร,6932.0,0.25,2601.0
แขวงคลองมหานาค,9491.0,0.45,5655.0
แขวงหนองบอน,42080.0,14.51,23496.0
แขวงประเวศ,86495.0,22.81,35484.0
แขวงดอกไม้,49715.0,15.17,28608.0
แขวงวังใหม่,7092.0,1.4,5795.0
แขวงลุมพินี,18051.0,3.49,16759.0
แขวงรองเมือง,17181.0,1.3,7163.0
แขวงปทุมวัน,6058.0,2.18,1076.0
แขวงนวลจันทร์,45949.0,8.62,27071.0
แขวงนวมินทร์,27556.0,4.89,12731.0
แขวงคลองกุ่ม,69485.0,10.81,34724.0
แขวงสุริยวงศ์,5258.0,0.82,4915.0
แขวงสีลม,18231.0,2.07,12229.0
แขวงสี่พระยา,10669.0,1.06,7013.0
แขวงมหาพฤฒาราม,11243.0,0.89,6442.0
แขวงบางรัก,2806.0,0.69,1446.0
แขวงบางอ้อ,24708.0,2.85,13718.0
แขวงบางยี่ขัน,24745.0,2.89,17422.0
แขวงบางพลัด,23311.0,3.3,9443.0
แขวงบางบำหรุ,18514.0,2.33,13073.0
แขวงวงศ์สว่าง,43665.0,5.78,24759.0
แขวงบางซื่อ,81634.0,5.76,44835.0
แขวงวัดพระยาไกร,26280.0,2.3,10323.0
แขวงบางโคล่,37065.0,5.87,18718.0
แขวงบางคอแหลม,24943.0,2.75,10312.0
แขวงแสมดำ,124916.0,35.98,59364.0
แขวงท่าข้าม,58962.0,84.71,29091.0
แขวงหัวหมาก,67793.0,16.46,56514.0
แขวงคลองจั่น,79048.0,12.06,47720.0
แขวงอรุณอมรินทร์,20166.0,2.76,13562.0
แขวงศิริราช,16817.0,1.26,4335.0
แขวงบ้านช่างหล่อ,31557.0,2.08,12087.0
แขวงบางขุนศรี,32328.0,4.36,14691.0
แขวงบางขุนนนท์,9549.0,1.49,4436.0
แขวงวัดอรุณ,14100.0,0.83,4163.0
แขวงวัดท่าพระ,53111.0,5.35,26703.0
แขวงหลักสอง,53638.0,11.24,24250.0
แขวงบางไผ่,40277.0,14.67,14212.0
แขวงบางแคเหนือ,60306.0,12.06,28113.0
แขวงบางแค,39094.0,6.49,25190.0
แขวงอนุสาวรีย์,94550.0,18.41,57418.0
แขวงท่าแร้ง,96773.0,23.72,51694.0
แขวงหิรัญรูจี,12252.0,0.69,3966.0
แขวงสำเหร่,15239.0,1.23,8612.0
แขวงวัดกัลยาณ์,8942.0,0.79,2762.0
แขวงบุคคโล,17198.0,1.21,12980.0
แขวงบางยี่เรือ,21201.0,1.52,7968.0
แขวงตลาดพลู,15561.0,1.82,8071.0
แขวงดาวคะนอง,17361.0,1.29,11878.0
แขวงบางมด,55100.0,12.77,26527.0
แขวงทุ่งครุ,67196.0,17.98,25430.0
แขวงศาลาธรรมสพน์,55516.0,28.7,24545.0
แขวงทวีวัฒนา,22878.0,21.52,8825.0
แขวงบางระมาด,19570.0,8.54,7818.0
แขวงบางพรม,13758.0,4.25,4761.0
แขวงบางเชือกหนัง,11860.0,2.92,4232.0
แขวงตลิ่งชัน,25007.0,5.18,11329.0
แขวงฉิมพลี,24336.0,7.34,9410.0
แขวงคลองชักพระ,10516.0,1.25,4588.0
แขวงสี่แยกมหานาค,7422.0,0.34,2434.0
แขวงสวนจิตรลดา,8821.0,1.74,2471.0
แขวงวชิรพยาบาล,10808.0,1.07,3062.0
แขวงถนนนครไชยศรี,55220.0,5.28,20794.0
แขวงดุสิต,12583.0,2.23,2533.0
แขวงดินแดง,75779.0,8.35,37046.0
แขวงสีกัน,63093.0,11.53,27550.0
แขวงสนามบิน,23520.0,14.66,10034.0
แขวงดอนเมือง,82646.0,10.61,38370.0
แขวงบางมด,44825.0,11.92,23072.0
แขวงบางค้อ,35277.0,3.38,17862.0
แขวงบางขุนเทียน,36479.0,5.79,14497.0
แขวงจอมทอง,34593.0,5.18,15675.0
แขวงเสนานิคม,19869.0,2.83,15694.0
แขวงลาดยาว,42560.0,10.69,27325.0
แขวงจันทรเกษม,38754.0,6.03,25856.0
แขวงจอมพล,31344.0,5.49,31203.0
แขวงจตุจักร,23396.0,7.88,13475.0
แขวงรามอินทรา,49487.0,13.06,26181.0
แขวงคันนายาว,47700.0,12.92,18053.0
แขวงสามวาตะวันออก,26064.0,40.57,9087.0
แขวงสามวาตะวันตก,56670.0,24.25,23595.0
แขวงบางชัน,85843.0,18.64,40135.0
แขวงทรายกองดินใต้,16811.0,15.82,4643.0
แขวงทรายกองดิน,12631.0,11.4,4952.0
แขวงสมเด็จเจ้าพระยา,13027.0,1.32,5051.0
แขวงบางลำภูล่าง,24344.0,2.23,13299.0
แขวงคลองสาน,16048.0,0.73,5861.0
แขวงคลองต้นไทร,18752.0,1.77,14619.0
แขวงพระโขนง,23096.0,3.85,24434.0
แขวงคลองเตย,67346.0,7.25,33423.0
แขวงคลองตัน,11101.0,1.9,14323.0
